Designator,Val,Package,Mid X,Mid Y,Rotation,Layer
C4,100n,Pkg0201,137.319666,-102.446563,0.0,top
C5,100n,Pkg0201,125.445826,-102.340479,0.0,top
U3,~,LP,140.099,-102.305,0.0,top
U4,~,LP,122.621,-102.305,180.0,top
